destinatario,indirizzo,cap,localita,provincia,peso,colli,contrassegno,rif_mittente,rif_destinatario,note,telefono,email_destinatario,contenuto,order_id,totale_ordine
Maurizio Piredda,"Via della Pigna 19A
int. 1 - giardino",16138,Genova,GE,1,1,,Fiorentino Service,,QTY 1 PROFILO GRIGLIA FRIGERATORE BIANCO 469X59 PER FRIGERATORE ARISTON - C00086379,3.93E+11,,,408-3906963-3971516,
Enrico Edossi,via ii giugno 11,24057,Martinengo,BG,1,1,,Fiorentino Service,,"QTY 1 Faren ONLY GO, Igienizzante Auto e Ambienti Spray, purifica e deo rinfresca l'aria in piccoli ambienti, 200ml x 6 pz",3385611991,,,171-2909971-4333932,
valentino coppi,via Pietro Nenni 59,50066,BORGO A CASCIA,FI,1,1,,Fiorentino Service,,QTY 1 Smeg Pasta rigenerante per lavelli in acciaio e fragranite,3.93E+11,,,406-0202384-2003555,
Luisa niccolai,via statale sarzanese valdera 209,56032,Buti,PI,1,1,,Fiorentino Service,,QTY 1 VENTOLA MOTORE FORNO VENTILATO UNIVERSALE DIAM 140 MM SMEG 039290137,3470804405,,,407-1961348-2989919,
gloria conti,via guido rossa 25,20090,assago,MI,1,1,,Fiorentino Service,,QTY 1 Bosch 665519 Vassoio per ripiano porta congelatore frigorifero,3479981370,,,406-5912484-2532326,
Casoni Francesca,Via Giacomo Devoto 10,42124,Reggio Emilia,RE,1,1,,Fiorentino Service,,QTY 1 Pompa di scarico con motore Lavatrice 5859EN1004B LG Lavatrice 5859EN1004B LG,3481405548,,,404-1732081-4544341,
Pratoverde srl,via san pelagio 2,35020,Due Carrare,PD,1,1,,Fiorentino Service,,QTY 1 Vorwerk Folletto Microfiltro igienico folletto vk 135/136,499128128,,,171-5326645-5094729,
STUDIO AESSE SRL,VIA CARCASSOLA 46,20056,TREZZO SULL'ADDA,MI,1,1,,Fiorentino Service,,"QTY 1 Hotpoint Disincrostante anti-calcare per lavatrice e lavastoviglie, 12 bustine da 50 g",3.93E+11,,,404-8363970-7883558,
Alice Rocca,Via alle prade 4/a,23815,Introbio,LC,1,1,,Fiorentino Service,,QTY 1 CARTUCCIA C 206,3404262434,,,406-8580346-3037952,
Giulio Dusi,Corso Dante 73,15062,Bosco Marengo,AL,1,1,,Fiorentino Service,,QTY 1 BALCONE PORTA PER FRIGERATORE BEKO - 5740470100,3405816739,,,403-8068295-6953137,
andrea Mozhovyy,via Corte cittadella 15,37067,Valeggio sul Mincio,VR,1,1,,Fiorentino Service,,QTY 1 Placca Pucci Sara Bianca 80179660 Sostituibile Ai Vecchi Modelli P6710 e P6910 - Completa Di Telaio E Viti Di Fissaggio,3.93E+11,,,406-9298708-7023560,
Luisa Mucedero,"Via Reggio Calabria, 3",00161,Roma,RM,1,1,,Fiorentino Service,,QTY 1 Aquamax Bicchiere di ricambio originale dosamax blu con o-ring adatto a tutti i modelli,3200318029,,,404-1947863-8358737,
Giulia Rizzi,Via Giovanni XXIII 100,40041,Silla Gaggio montano,BO,1,1,,Fiorentino Service,,"QTY 1 Hotpoint Disincrostante anti-calcare per lavatrice e lavastoviglie, 12 bustine da 50 g",3.93E+11,,,404-9366911-7293100,
simona Porretta  P. Iva 02885870804,"contrada serricella, 4/3",89025,Rosarno,RC,1,1,,Fiorentino Service,,QTY 1 Motore Asciugatrice Rex Electrolux HP PMM P10,3312004674,,,406-7698889-7553917,
Eugenia salogni,Via selva 33,25046,Cazzago san martino,BS,1,1,,Fiorentino Service,,QTY 1 Placca Pucci Sara Bianca 80179660 Sostituibile Ai Vecchi Modelli P6710 e P6910 - Completa Di Telaio E Viti Di Fissaggio,3337842324,,,408-0614103-4645137,
Romeo Belotti,Via XXV Aprile 169,25020,Flero,BS,1,1,,Fiorentino Service,,QTY 1 Beko-Termostato k59l2683-4502011100,3.93E+11,,,406-6438129-1438741,
Ester Hasanbelli,Via Giuseppe Manfredi 16,50136,Firenze,FI,1,1,,Fiorentino Service,,"QTY 1 DeLonghi Entkalker, EcoDecalk, decalcificante ecologico, 500 ml",3886277682,,,407-0375098-1256332,
Donato Turco,"via luigi posenato, 2",37030,RONCA',VR,1,1,,Fiorentino Service,,QTY 2 Ricariche Gelphos Rapid 8 cartucce Gel Made In Italy,3388952671,,,406-9772537-7369105,
Antonio Pecere,"via Montanara 6
piano terra",50131,Firenze,FI,1,1,,Fiorentino Service,,QTY 1 SFA Liquido anticalcare 5 Litri Sanitrit ANTICALC,3356826309,,,402-0205160-5933965,
DANIELE MANNAI,VIA ANTONIO PIGAFETTA 2,09098,TERRALBA,OR,1,1,,Fiorentino Service,,QTY 1 CAMERA INGRESSO LAVASTOVIGLIE COMPATIBILE WHIRLPOOL ARISTON INDESIT + TURBINA 482000022022 C00256546 FL 256,3401404056,,,171-2395264-5051558,
ROBERTO CODELUPI,"VIA DON PELLEGRINO D'OGLIO ,48",42023,CADELBOSCO DI SOPRA,RE,1,1,,Fiorentino Service,,"QTY 1 GALLEGGIANTE UNIVERSALE 3/8"" ""MAGNETIC"" BAMPI",3334924485,,,405-9598061-3836306,
Rosa Serra,"salita di San Gerolamo 12/3
Interno 3",16124,Genova,GE,1,1,,Fiorentino Service,,QTY 1 Condizionatore Climatizzatore Inverter Hisense New Comfort Dual Split 9000+12000 9+12 Btu 2AMW42U4RRA R-32 A++,+39 373 514 8991,,,408-7917469-9145931,
Salvatore Giuliano,"Via Messina Marine 331
Scala d piano 5sx int 12",90123,Palermo,PA,1,1,,Fiorentino Service,,"QTY 1 Vaillant 64946, Scambiatore di Calore Secondario",3471464816,,,403-0961092-0641927,
alessandro zollia,"Via Franconia 11
GORIZIA",34170,Gorizia,GO,1,1,,Fiorentino Service,,"QTY 1 Mitsubishi Electric MAC-587IF-E Modulo Wi-Fi per Condizionatore Fisso, Controllo Remoto Tramite Smartphone App Melcloud, Compatibile con Amazon Alexa e Google Home, Bianco",3357513381,,,405-0352498-5146734,
ALEXA SRL - BERGO BEATRICE,"viale generale DOMENICO PIVA, 52",45100,ROVIGO,RO,1,1,,Fiorentino Service,,QTY 1 Samsung Condizionatore AR35 12000 BTU F-AR12ART,3.94E+11,,,404-3155963-0350738,
Dario Amoroso,Via Apparizione 22/23,16133,Genova,GE,1,1,,Fiorentino Service,,QTY 1 BALCONCINO PORTABOTTIGLIE FRANKE FCB320/EANFI FK1330065095 1994907 54X90X60 cm,3479186160,,,404-1601090-2985960,
Alberto zimmari,Viale ronchi 20,00177,Roma,RM,1,1,,Fiorentino Service,,QTY 2 Climatizzatore Dual Split 9000 + 9000 Btu A++/A+ Gas R32 Hi-Comfort,3486507163,,,402-0925988-6309916,
Enrico Pilia,"via Geronimo Zurita 23
Campanello  Pilia-Cau",09126,Cagliari,CA,1,1,,Fiorentino Service,,QTY 2 LAGOSTINA gomma valvola di sicurezza PENTOLA PRESSIONE 1 PZ IN NO ORIGINALE,3392759143,,,402-8603548-3127557,
Elda Canetti,via gaspare Spontini 22 A,00013,Mentana,RM,1,1,,Fiorentino Service,,QTY 1 SUPPORTO TWICO PER CASSETTA 110.700 GEBERIT 240511,3346453522,,,402-2770343-6448359,
Bertolusso Elena,via cavagnolo 36,12040,corneliano d'alba,CN,1,1,,Fiorentino Service,,QTY 1 G GRIMALDI -CANDY- -40009648- -40008542- - Cassetta di raccolta per acqua secca,3.93E+11,,,403-1579171-6572361,
Alessio Villanova,via trosi 5,31020,sernaglia della battaglia,TV,1,1,,Fiorentino Service,,QTY 1 RYELDOM Guarnizione Inferiore per Lavastoviglie Rex - Electrolux,3332305890,,,171-9307864-9899535,
VILLA RANDAZZO EVENTI SAS di randazzo davide & c.,corso italia 150,90044,carini,PA,1,1,,Fiorentino Service,,QTY 1 Nuova Placca Cassetta Sara Slim Bianca Sostituisce 80006710 Pucci 80179660,3772096044,,,405-4203400-7795512,
Chiara Di Gioia,Via Ippolito Nievo 21,31021,Treviso,TV,1,1,,Fiorentino Service,,"QTY 1 Ariston,Indesit,Hotpoint - Cestino per le posate da lavastoviglie",3312850243,,,171-5367614-8102728,
Marco Mariani,via luciano Manara 36,09045,QUARTU SANT'ELENA,CA,1,1,,Fiorentino Service,,"QTY 1 Mitsubishi Electric MAC-587IF-E Modulo Wi-Fi per Condizionatore Fisso, Controllo Remoto Tramite Smartphone App Melcloud, Compatibile con Amazon Alexa e Google Home, Bianco",368 550241,,,405-6869068-5353166,
giuseppe crescente,via andrea costa 34,40067,rastignano,CA,1,1,,Fiorentino Service,,QTY 1 Beko 4851900100 Accessori per frigorifero/Ripiani/Refrigerazione Bianco Mensola Anteriore,3383256657,,,405-7218181-0556361,
Deborah Sergiampietri,Via bassagrande 136,54033,Marina di Carrara,MS,1,1,,Fiorentino Service,,"QTY 1 Hotpoint Disincrostante anti-calcare per lavatrice e lavastoviglie, 12 bustine da 50 g",3298665864,,,402-3808102-6189905,
rossana tesi,via cristina di belgioioso 22,50137,firenze,FI,1,1,,Fiorentino Service,,QTY 1 Additivo Pulizia Olio Motore Senfineco 9991 Motorflash 443ML,3334948809,,,405-5017900-5881903,
silvestro chiricozzi,"via bonaventura cerretti 45
tipografia silvestro chiricozzi","00167",roma,RM,1,1,,Fiorentino Service,,QTY 1 ZEPYNAMIC-A Sanificante climatizzatori,3393955716,,,402-5190324-3648320,
Bianca malacarne,"Via Suor Luigina Bignami.20
Sabbioneta 46018",46018,Breda Cisoni,MN,1,1,,Fiorentino Service,,QTY 1 PULITORE FRIGO REX ELECTROLUX ZANUSSI MOD. FI22/10B,3.93E+11,,,408-2117248-8362716,
Davide Tagliapietra,Via Nuova 7,32030,Arten,BL,1,1,,Fiorentino Service,,QTY 1 FIltro per caldaia condensazione per neutralizzare acidit condensa,3488433649,,,406-1278722-1017131,
maria anna billeci,"via custoza 3
scala 2, piano 3",24047,treviglio,BG,1,1,,Fiorentino Service,,QTY 1 Climatizzatore Hisense Easy smart 12000 Btu A++ R32 CA35YR01G,3.94E+11,,,406-6475512-1637940,
luciano lecca,"Via gazza 7
piano terra",40055,CASTENASO,BO,1,1,,Fiorentino Service,,QTY 1 CLIMATIZZATORE DAIKIN MODELLO SIESTA ATXC35B R-32 12000 BTU,3498204016,,,405-6183667-9412305,
Elena Terenghi,Via A. Bassi 5,22036,erba,CO,1,1,,Fiorentino Service,,QTY 1 SUPPORTO TWICO PER CASSETTA 110.700 GEBERIT 240511,3284036683,,,407-4093931-4337960,
Marco Vallini,via borgaro 64/16,10072,MAPPANO,TO,1,1,,Fiorentino Service,,QTY 1 BALCONCINO PORTABOTTIGLIE FRANKE FCB320/EANFI FK1330065095 1994907 54X90X60 cm,347-2573046,,,403-3489703-5288317,
Guerino Celotto,via giovanni boccaccio 8,50051,castelfiorentino,FI,1,1,,Fiorentino Service,,"QTY 1 Hotpoint Disincrostante anti-calcare per lavatrice e lavastoviglie, 12 bustine da 50 g",3483461570,,,407-9870549-4195548,
Kristelle Bouzancourt in Nucciarelli,"Via del Verziere 5
Agello",06063,Magione,PG,1,1,,Fiorentino Service,,QTY 1 Filtro a sfiato per asciugatrice BEKO - 2973380100,3478902889,,,402-6894615-7295567,
Cecilia Arena,via della Resistenza 39,95030,Pedara,CT,1,1,,Fiorentino Service,,QTY 1 Nuova Placca Cassetta Eco Slim Cromata Sostituisce 80005710 Pucci 80179562,3347567635,,,404-0101413-7791548,
Luca Minelli,Via Stalingrado 101,40128,Bologna,BO,1,1,,Fiorentino Service,,"QTY 1 Bauknecht - Teglia da forno smaltata NFP35, antigraffio, 450 x 375 x 35 mm 480121103007",3207679770,,,403-4327012-5993122,
Sara Pesci,"Via Lucio Mario Perpetuo, 15
Piano terra","00174",Roma,RM,1,1,,Fiorentino Service,,QTY 1 FILTRO LAVASTOVIGLIE BEKO/ WHIRLPOOL,3477186728,,,406-5219444-6245947,
Esprimetevi con i fiori,Via perillo 1,84069,Rocca daspide,SA,1,1,,Fiorentino Service,,QTY 1 Climatizzatore Condizionatore Hisense Easy smart 18000 Btu A++ R32 CA50XS1AG,3272048659,,,403-2695927-9952368,
Teresa davideri,Via remesina esterna 7,41012,CARPI,MO,1,1,,Fiorentino Service,,QTY 1 Wpro SKS101 Kit di accatastamento per lavatrici e asciugatrici,3.93E+11,,,405-8731921-6275538,
Luciano Di Renzo,Via Cosenza 7 villa raspa,65010,Spoltore,PE,1,1,,Fiorentino Service,,"QTY 1 Climatizzatore Dual Split 9000 + 12000 Btu, Inverter, A++/A+, Gas R32, Serie New Comfort",3.93E+11,,,403-0356974-7809114,
Emanuele D'Aloise,"Via Pian Due Torri n 21
villino b interno 4",00146,Roma,RM,1,1,,Fiorentino Service,,QTY 1 RICARICA FILTRO GEL ZEROCALDOSE 4 X 250g,3482549144,,,403-2824765-4985139,
Guido Vigan,"Via biffi serafino 1
Piano terra",20844,Triuggio,MB,1,1,,Fiorentino Service,,QTY 1 43005989 - TAMBURO PER LAVAGGIO LINGE HOOVER,3.93E+11,,,404-8468068-7323562,
FRANCESCO CALICCHIO PRESSO SOCIETA' C.I.P.E.,VIALE VALGANNA 178,21100,VARESE,VA,1,1,,Fiorentino Service,,QTY 1 Wpro SKS101 Kit di accatastamento per lavatrici e asciugatrici,3356845452,,,408-2560708-3263557,
Ardian bodoj,"Via benedetto croce 128
2",52100,Arezzo,AR,1,1,,Fiorentino Service,,QTY 1 Caldaia a Gas Baxi Eco5 Compact+ 24 kW Erp Camera Aperta Alimentazione Metano,3277847372,,,407-6766315-9600358,
Iacovelli Michele,"contada bagno, 1",71010,Cagnano Varano,FG,1,1,,Fiorentino Service,,QTY 1 Condizionatore Climatizzatore Trial Split Inverter Hisense New Comfort 9000+9000+12000 9+9+12 Btu A++ 3AMW58U4SZD1,3316662314,,,406-3320559-6164354,
Iacovelli Michele,"contada bagno, 1",71010,Cagnano Varano,FG,1,1,,Fiorentino Service,,QTY 1 Climatizzatore Hisense New Comfort dual split 9000+9000 btu inverter 2AMW35U4RRA in R32 A++,3316662314,,,406-7331963-3209933,
RAFFAELE MOSCATO,"VIA XXVI APRILE 23
Piano",25021,BAGNOLO MELLA,BS,1,1,,Fiorentino Service,,QTY 3 Dianclima STAFFE PER CLIMATIZZATORI DIANFLEX MVTE80 Portata 100 Kg,3937771959,,,402-9860668-3462767,
Meloni Alessandro,Via Montirone 1/A,60030,Mergo,AN,1,1,,Fiorentino Service,,QTY 1 Smeg Pasta rigenerante per lavelli in acciaio e fragranite,3391190022,,,403-5902004-9066735,
Eleonora Chieruzzi,Via Canova 267 valsamoggia,40050,Castelletto Di Serravalle,BO,1,1,,Fiorentino Service,,QTY 1 GALLEGGIANTE COMPLETO PUCCI 6150-9251 SARA,3294758111,,,406-8582848-4530730,
Terenzi elisa,via emilio Salk 1,47841,Cattolica,RN,1,1,,Fiorentino Service,,QTY 1 Filtro lanugine per asciugatrice Indesit Hotpoint Aqualtis Series Filtro lanugine bianco C00286296x,334/9289968,,,402-4208455-4459514,
Lusser Christine,Via San Giovanni 15,39042,Bressanone,BZ,1,1,,Fiorentino Service,,QTY 1 Guarnizione Porta Bocca Asciugatrice Rex Aeg Electrolux,3922737303,,,407-8902805-3856310,
Luigi cignarella,Via Mosca 29,00055,Ladispoli,RM,1,1,,Fiorentino Service,,QTY 1 Climatizzatore Hisense Easy smart 12000 Btu A++ R32 CA35YR01G,3.93E+11,,,402-3312561-8598714,
Marco Miele,C/da Villaggio Frassa presso mielemas Snc,87064,Corigliano Rossano,CS,1,1,,Fiorentino Service,,QTY 1 Whirlpool AVM305 Piatto Crisp grande per forno a microonde,3294117041,,,404-0572113-5527506,
Guglielmo De Simone,via emilia pavese 29/a,29121,piacenza,PC,1,1,,Fiorentino Service,,QTY 1 Griglia Forno 465x375mm Compatibile con BOSCH,3346396905,,,405-4679592-2059512,
Giuseppe Pomponio,contrada Tratturo 4,66020,Scerni,CH,1,1,,Fiorentino Service,,"QTY 1 PUCCI F41JPS25 PLACCA di Comando per Cassette MOD.Sara 2014 Serie Linea, Unica",3341895425,,,404-7853816-9830743,
